2,0x1e55126f43909959b1a003a45d22437da2355534,1349700000000000000000000000
3,0x52968cff3db09ed9adb258b1a0289bbd20a367ef,1188000000000000000000000000
4,0xfa6266101370235e09e58d294e48d287cc40e258,900000000000000000000000000
5,0x5c116840b785baa023d3ca3f0ad0718ef4e61829,701500000000000000000000000
6,0x7d3aec29c170b8f5b7b4c1a02e0ab90b6f774628,500000000000000000000000000
7,0xccd206c839d5afbf4071c28a8eb4363d9af55842,450000000000000000000000000
8,0xacd7cfdae981845c58687e6225225963dd905838,96000000000000000000000000
9,0xd3f6acdb341d160e0ea8807ab858c2eeb9653129,70000000000000000000000000
12,0x46575a4a0c4eb444f5238d7b0cac414a5ddec529,1952422143100000000000000
14,0x3bb18c445a1ec2c15b50b1e6d6da3889d1096bdb,807276119615130000000000
15,0x84dc887b7305e129fb01cfbb5c528e4fcf5fe86f,794805480093780000000000
16,0xd6580238a6e282059147a0ff940d3d2c2ffc83d0,600182900261260000000000
17,0x8e7ca64946c7205c4d57a05fb259124aea1376c5,450000000000000000000000
18,0x981f9a116d5ba0e84780f0f629afe2424d76f116,400000000000000000000000
19,0x297c57f778d7ddbe50e1226c43072fbb39607d9b,350000000000000000000000
20,0xcfa8243783dfceb7bb7e663cce518ad643f3272c,350000000000000000000000
21,0x4a8be12cb8296ba6ab3271f4904010f7da491bf5,300000000000000000000000
22,0xe32a26021fc7174181251cad6c4309c6aae8ffca,270000000000000000000000
23,0x1c32e6a0e96b09862b902e93d06372349e249940,250000000000000000000000
24,0x569dfa98d586da9b171f70f374f3894fb2cb2c94,230671287128720000000000
25,0xc260be6e287b441b8ff48f7e789733a293b78203,201381551098550000000000
26,0xba210ca550b4f6c5d1d80a08bc6968a95636c3da,200000000000000000000000
28,0xf23099adaa6f8c94283f5a7216adcf4720643b7a,170000000000000000000000
29,0x23939ddb626d4c17c07ebbbaea67ac5096436b49,150000000000000000000000
30,0x077e9eb9bf06835d98ec74dc7858aaa62bbfbaf0,130000000000000000000000
31,0x1d77c9e07dd79452238eb1e7c329b79fb34f2c01,100448095390400000000000
33,0x921f4a6eb7e2d7ae38b0edc7a9034161c6e6d702,100000000000000000000000
34,0x4a15ded915264b7c6ae2ac7c29d4b91d195b4f49,84126816800000000000000
35,0x994403822709c43819d43d2143842ab201c33e94,66200325520000000000000
36,0x1d51e5dda5e1f5682c60e3ffff03a58445e25a88,62112593100000000000000
37,0x32e0db78972d45e5567ec701db8581caf47aa598,50000000000000000000000
38,0x7b2fd67ffb9c69c45168d6bb0e5852fa13b57dec,35131878002160000000000
39,0xade116e3a9a9615cc9654adcc1d8e54f7f02bb01,32422190000000000000000
40,0xfc75be244fd9a80da82aae059c2079957da368ab,28252006839000000000000
41,0x109fddfc7f4aa8539737ccb879ec9229270077de,25000000000000000000000
42,0xc77e392b424e3d72c0c0bbcf7aa8976b95c6b428,24086000000000000000000
43,0x9d42d57de53f524fcdcc623fa8ce476e0d4988cc,24000000000000000000000
44,0x59466a7d520dd9c5c350b759e099c1a0e0a963de,23500000000000000000000
45,0x8a2d401eb61f631e739dda43bd0c3bd25655d33a,22500000000000000000000
46,0xf23bc93f99769ce54bc211c915a71c2c31d10370,22500000000000000000000
47,0xc588d29c33a2de7cfb45664b0d12fbf94acc1441,22190996431170000000000
48,0x9c93bb28f0b7a77aec8fdf6808101d73d97c50e1,20000000000000000000000
49,0xeb71202c046e42c11728443cc1c711295825a387,20000000000000000000000
50,0xde1b0b78adcdfa44406221a2afa758a43f74d067,19500000000000000000000
51,0x72b2111075c2244d2abac58767a1636134cc2765,19000000000000000000000
52,0xddcf5b62ed96d84829d7ea108066ac1e78c39c1a,18500000000000000000000
53,0xade4db273e790cb5827a10acbb26984afa8cbd69,18000000000000000000000
54,0x8d65434c8fbed79ad9debf30b663259f7824c4d8,17500000000000000000000
55,0x497058408aa3ec5e6e842c022f46156081a9dde2,17000000000000000000000
56,0x33fc93ffbe0918cfef3b9b2acb3700a1bc594916,16500000000000000000000
57,0x10f42a4a00b387356cbf715e2420c623c5c28f5e,16000000000000000000000
58,0x8a57a5fa705d5c23ef708c57f68f5e1ef0a8ba34,15500000000000000000000
59,0xff8bd5816a16f0a724377a1024ebc5733c07f5d6,15000000000000000000000
60,0xd60bda879102e4fe5ab6207024f4b64415243086,15000000000000000000000
61,0x47ea812fb75801397267910e6f2f13cfd810d275,14900000000000000000000
62,0xa0da0d03ee2c13274db142fdfb8ec0bd7d0178e2,14500000000000000000000
63,0x3852a00f44252a259559390d3767a01c0ed42794,14100000000000000000000
64,0x9db78f0dc43f1e31282c34d623ae7bac65481c3e,14000000000000000000000
65,0x52feeab3cae3841186a10ba56ab120edf8abc700,14000000000000000000000
66,0x826011e030e4ab19f8932a4055a950ab676b4dba,13700000000000000000000
67,0xac29810807474b6a27e6721e10fd781638e1e92d,13500000000000000000000
68,0xe425c1c2a21c023c3ed4526f1a370630c81c7780,13500000000000000000000
69,0x90acb5cb2ef8b9bb3e320441b99ec7831d2766e9,13000000000000000000000
70,0xb0604ce9691db8c8fafbb6127235cc31c91db5dd,12800000000000000000000
71,0xc6ba4b84f475bc6c42bcaa802db867d59fd34b15,12500000000000000000000
72,0xc3ce2478744d0574cdb09b509d33ee24b07e9435,12500000000000000000000
73,0x80106c6e3001bbd2620e329fe9411d4de371bb2c,12006284270010000000000
74,0x6ab96a3f4ce546c7272394ae01ce2ce24909f9dc,12000000000000000000000
75,0xc38cb7a96a06c366680adf132ffa2de31da9af84,12000000000000000000000
76,0x05e64237d144050d3cdf16baf6c0b2be1ddf0cd1,12000000000000000000000
77,0x6bd06668293a6821c1855d57056b6cbaa6ea3c5d,11500000000000000000000
78,0x76a113b979442aee2dc85cfe0b8c3cf6199afa24,11000000000000000000000
79,0x73182b932d5827d1468cadb47e959a53096a7417,11000000000000000000000
80,0x5ab75e955c16b170f8c41df229b45e40aa946a92,10500000000000000000000
81,0x00a54e9feff46724683fb14db90dac2bacfe3332,10117081184000000000000
82,0xa25f885d30168a150cad78a59a3ffc1d62c8b41a,10000000000000000000000
83,0x39e8d9839a7b916e8c460c975632c056886b4d8c,10000000000000000000000
84,0x41936e60e6523c99aba0ca01f58cc7d47c0ab6db,10000000000000000000000
85,0x1efe6dd81c6ce0d1fc1eb22122d2e163530c9280,10000000000000000000000
86,0x35e667a6470f4f1cd0e5c3b674872288a7437fda,10000000000000000000000
87,0xff7f7e7c7f0b773b007034314a23e1d8cf9a3a20,10000000000000000000000
88,0x30772bdca9e634b43cf4dcb69f2e12aaed4f87e1,10000000000000000000000
89,0xe794ead966d4ecc12d7e567b55246de1acdbdc8e,10000000000000000000000
90,0x5d87c49baf5795bcc5d2865f7d7a18dbd55556f7,10000000000000000000000
91,0x7bb2e74e5639b472c48dd576132c23715d552b96,10000000000000000000000
92,0xe55b65bb739a23dc26592237a1aec450f47dd307,10000000000000000000000
93,0xd0a04a9b4e968803f76a8b81a2bbd1bef0bd4181,10000000000000000000000
94,0xc27987a132f46158e65e72b164f3c24341c661fd,10000000000000000000000
95,0x54977bf8ace660e738a9d606b9826c37e6fb83d9,10000000000000000000000
96,0x375388afec84e971d98899977a50cb8f0fe40d47,10000000000000000000000
97,0x50318905cb933d300574eec6f0a61205c9557e2a,10000000000000000000000
98,0x4802044d4e0b8aa6faa65680fa3b3d1252df615a,10000000000000000000000
99,0xc2ed68d6c1db5da52b92f2a176b3ebc066445985,10000000000000000000000
100,0xc98ec4116cedafad49b41df1619da83668aa3a75,10000000000000000000000
101,0x0c08dbce9eb4b9f3420bf776493dbb557ced32b7,10000000000000000000000
102,0x2dc7d2f1d4529fd6e4c567be112a3d60008b6307,10000000000000000000000
103,0x4d23d77a419b8d25d7e0d4b18f59c330f62f8eda,10000000000000000000000
104,0xaf1f7e8eacd41fb9faa321b758c8f939807ef98b,10000000000000000000000
105,0xa9d55006b4ab6b3882aab8d027f3c922b053cbe4,10000000000000000000000
106,0x1a2deda0356e19a3644709508106bdbd24258191,10000000000000000000000
107,0xfeb309a532abda4aa7440738b6f75e834913cf0d,10000000000000000000000
108,0x243dc5a2bb17110864be86ce1a4ca1ae9077e957,10000000000000000000000
109,0x69bb54abd4ceca28e4559aa55dbae0790bbc3a07,10000000000000000000000
110,0x11cb6aa126052b83d04f7ddeb01fbe6aa41c8d7c,10000000000000000000000
111,0x416dd3a9326db6302d80b40456dd42454fef77b0,10000000000000000000000
112,0x7c9f73fddbbdcc2cb3fb07a928f37e6a2d7c6878,10000000000000000000000
113,0x36c57995cbaef0ea45be84d273033790ed1a5dd5,9000000000000000000000
114,0xcba3fca7fc226c93b61d1a8afc0769a4ae951798,8000000000000000000000
115,0x00a2f58e3ee911d6e58965931690198bc279d99e,7903330489640000000000
116,0xfefa38c354ad484c3a02640647e4a710551f64f7,7500000000000000000000
117,0x063301ade8384b603ab7768c1cd687678d0b04a9,7500000000000000000000
118,0xf67eb78574c3805a5fbdda9730e115c104af5c24,7200000000000000000000
119,0xe242fe274adcb60a2f6f0067133c1cb8a21ba6a4,6500000000000000000000
120,0x668a306d3514b2334e79f66804aa4c0535e0486d,6300000000000000000000
121,0x479c05a006825394b96cd7f802deae02c8e791a1,6225671176480000000000
122,0x6e0fdaf3756b70072573bbaa76ec39104610ced9,6000000000000000000000
123,0x92ff9b797cf1ff81c327828658b128ff38d2be6c,5900000000000000000000
124,0xd0d085769b3876f54303908c1353b434a4f47253,5100000000000000000000
125,0x7d35a80e74a789dd745fd7c099f40103897cbc73,5000000000000000000000
126,0x0f87a91b3a83497317493b4dc8d03841c3273908,5000000000000000000000
127,0x4451816e714d54d93633478b6b58a66e3d0b3ec6,5000000000000000000000
128,0xaf8bbf9da1fab37957e1c54ffe85cf9766413293,5000000000000000000000
129,0x778b1aaf84b5e57e8df5a5bb4a691c0c8df6e43a,5000000000000000000000
130,0xac166999af8b92ec397ce7c790eac3afa0af8f36,5000000000000000000000
131,0xc3d3156c9581bafaa344b9579b3ffe42b1103332,5000000000000000000000
132,0xe11a47bb3e62e41b31377943c8beb35c6380d078,5000000000000000000000
133,0x69f4fb2eeca8b0cada655fc524c0a6ced4da8a48,5000000000000000000000
134,0x6769735aed11540c5027e8390ee91be15b220ec6,5000000000000000000000
135,0x4dc69d9ba374e52e8dc52d381e114adf1755ccde,5000000000000000000000
136,0xeaaaa72d8d651bff30fd741477869cb39ea218b4,5000000000000000000000
137,0x7a3892d29084739b63d8746bb184d71360005473,5000000000000000000000
138,0x9ec3a8e15688c47e907d3f24e7c8f19952510b8e,5000000000000000000000
139,0x250f83a96bcad510f058a8c7acb268fd5f1b2549,5000000000000000000000
140,0xc4ac8fc0d91acbdaca61db2b55e69d515fe557bd,5000000000000000000000
141,0xfbe16be38eb1532df2488ecb93bf9e1b1299f0cf,5000000000000000000000
142,0x56b923983ab33d0fdd398bb0712825a53283d5d1,5000000000000000000000
143,0x05a87fd90bb6b620d61372466169a4d62f23d388,5000000000000000000000
144,0xa64eb8b1d60171c46b9b61b9215623b5184136bd,5000000000000000000000
145,0x36dbbd6e27eecc5b85ad89145b08b1d0ae276343,5000000000000000000000
146,0x8aae34ef6cef803c6e826911d8c56b3baf63cc21,5000000000000000000000
147,0x6e361696692d846252f16f76368e029d1c8f4d7e,5000000000000000000000
148,0x8bc613b34b03207373a1962a1593f3ae26fe8051,5000000000000000000000
149,0x927920c228318c09ec94784856813f511c6c6cdc,5000000000000000000000
150,0x657190a0e4ba679633ef6f197364a9ef4afbda14,5000000000000000000000
151,0x56ae6797161defa0b83a15ba255d1777f529808a,5000000000000000000000
152,0x8169772cce8465d926a7d155c9dd89b81d4daf98,5000000000000000000000
153,0x3d788f321a567ca2cbe3a395eaf2b556ed329965,5000000000000000000000
154,0x5ce94ed4bd8e58abd913ab8f5f2439aefa6bcffa,5000000000000000000000
155,0x429b1ede81a10cb9664063a6d4250543925f7f52,5000000000000000000000
156,0xeef40063c1efd1308c47b5d20feb5072d5e5da64,5000000000000000000000
157,0x3d1739aa696169c8893ddd312e073659ebdffd7a,5000000000000000000000
158,0x9307bc81aca6c8face500a7d76caceeca7906fb4,5000000000000000000000
159,0x4b1a289e47be27e3b4a6621ae16cb364a21702e9,5000000000000000000000
160,0xd6188aec4c28adcbdb375377b666fefd36b15884,5000000000000000000000
161,0xebce9e4dfe5fc55f8a65d21dd82b2df251780bd2,5000000000000000000000
162,0x377ad9d6bf03ab6a6c7cba24958d2d8b9cd5ef94,5000000000000000000000
163,0x9687ea77580ec6941383f393068671450cc3ea84,5000000000000000000000
164,0xd969f8f1eb8baf4cd526c3f189682ff6e82896e9,5000000000000000000000
165,0xfe50de54b44c68443d7fc3877e3d6899ef256c8c,5000000000000000000000
166,0x07e5021457210f8e9004090ac39c02ba129d58ca,5000000000000000000000
167,0x5778882e235ba0f8b7e1dccbc34656657c97b37f,5000000000000000000000
168,0xf8846a6d0b9b456220d13cd0ad201cde6f608037,4900000000000000000000
169,0x71586052e76123238f028be57d9d497ccf213d28,4843188529310000000000
170,0x6da29a40b03c20113483f9ef0f3c89ca4c6aeb7d,4800000000000000000000
171,0x0ece82bc94020401eef5352da06cb405afaab144,4700000000000000000000
172,0xe8e8aab5ac4627a6a9d75014544b011ae031a7df,4600000000000000000000
173,0x5914668e1f84ece2faf5a9388b40532c87613e52,4500000000000000000000
174,0x3e707c5e9db7b73e002278b4ac37232668fcc99d,4400000000000000000000
175,0x0e99996e3704eb8c295e07dc9b19063477c534b3,4358906666660000000000
176,0xa1b9230edf324afc903e0abe9b22a608923b62d1,4300000000000000000000
177,0x91dcba5f19e10017171d8b68d69014b2f66017d5,4200000000000000000000
178,0x000f829dcae604a985e91a0982f57e6cef2a56dd,4176290000000000000000
179,0xec59fedcc59efd8629a6c61a7c077c6398219b7c,4000000000000000000000
180,0xc3f1c93965e79eb7192a6159d561dd5a8ba56dd0,3900000000000000000000
181,0xf9eed30da96ca434739b274f91ea74ad94a72c1a,3800000000000000000000
182,0x5ac05a4b289a29ca859c723dec7e58b869923eac,3700000000000000000000
183,0xe299e2315b5dd10ab4066c8852f1bdc98a3ff572,3600000000000000000000
184,0xba8a29e59f2ee577fcdf523636aca38917444592,3500000000000000000000
185,0x6003374f2c766193ec654688c2a97f69f71dea7c,3400000000000000000000
186,0x89940482f7768d4322a9212cbfdccee5521f260b,3300000000000000000000
187,0xe70ef5776555a47e94b333e67948493c9ecf4dd5,3200000000000000000000
188,0xaca4bfe92eb57dddc91044c3d1a669dad7887259,3100000000000000000000
189,0x016bc9debda956e6dc9ffe33ec32011d3c0f55f8,3081111176480000000000
190,0x96c166e5b2cf1a7c0b0f94f4f433ec4a1f00b4cc,3000000000000000000000
191,0x423b9f58594c2cbec536a950101fc61f2136b309,3000000000000000000000
192,0xfb8e0ff323a02d7e4c1ab5be4cdec3a6092cb068,3000000000000000000000
193,0xc0a46ce4f49e8bf56667c2c54e091b1df0359699,3000000000000000000000
194,0xc8fc91320d7583a997be9f09579aac6849e6cc55,3000000000000000000000
195,0x66a0b8306694000a8d3c8a9d2aee8243f3a0cb8b,3000000000000000000000
196,0xec971717cd18137521afe1013f65a688a2a0f934,3000000000000000000000
197,0x738cc9c3ca01806c44f81b4b4eff38a518f47941,3000000000000000000000
198,0x13b0c29587b35d3f36072077ea575c0ab46edc95,3000000000000000000000
199,0xfb824aa4fae7158e2a0299f4e1dbe911ff4345c0,3000000000000000000000
200,0x6b29f0c568247081061e730c86a7f1912068f3b1,3000000000000000000000
201,0x29a3200bcde6ca43656fb6ff15aaf0d16a55523b,3000000000000000000000
202,0x95186ae2c80689bdf599dc8a0947e130f9970a6d,3000000000000000000000
203,0xeede9983c316fbf135420c83ca2766082edd91b5,3000000000000000000000
204,0xdec5e28820564f5aa906c8e899876c526a11b630,3000000000000000000000
205,0xb96405680a07a48d9c9d59bfca3966bf08839d9b,3000000000000000000000
206,0xf3ad1f304699f9db8276dc6ff941870fc5cc04ba,3000000000000000000000
207,0x641c716e1ea5178b219b1ce1cb822ab9b67ddbc6,3000000000000000000000
208,0xe7fa1ab9d1932e02671e776b29f1409a5f2b0422,3000000000000000000000
209,0x8993f6e50f09cce341b589afdddb704cc72846f8,3000000000000000000000
210,0xe7971f9250a000476c47d05c737401deedc46a12,3000000000000000000000
211,0x2c0e58e01171bcdc5efcd323a04d59b839c3e160,3000000000000000000000
212,0x17450adb5608fa31e0f0387946625e43752fb070,3000000000000000000000
213,0x696091173b7a7602544c3a33c4e416d765ea6f6a,3000000000000000000000
214,0x8274257d47f842da38e859e0fc617745750b60e1,3000000000000000000000
215,0xc1829fb996d54f660b4c39a4d655b9d1eb73fc02,3000000000000000000000
216,0x6731caf98c0b6844cd3bd191960a6ec168f16608,2900000000000000000000
217,0xba5ca2d8bb4fcffd6a6d3e61699c70c7036109a6,2800000000000000000000
218,0x4819aed611e339f57b23b269943f6bcdb47368a3,2700000000000000000000
219,0x9892e2e011083b4b6452f73d08ded0b38eacec83,2600000000000000000000
220,0x59760fbf9645ad5cf1706ae79d203f0be5d6b705,2500000000000000000000
221,0x096c66e888fcba82d5a0bdfe1f4da49ae0b43bd4,2400000000000000000000
222,0xbe15271bd900a6ad40fecd302539414cef940540,2300000000000000000000
223,0x201d7a36653361c441bcd4b24dd908381dd2747d,2200000000000000000000
224,0x3b4b163d4541fec18f65176ffb1bcc6d70da6750,2000000000000000000000
225,0xee708bfccbfb5835c337e94f038196c1ca74b385,1900000000000000000000
226,0x0f908d89f66be75d82f7b8465d4aba3e12403b20,1800000000000000000000
227,0xc4f8ec693421801df217cda36a09d78b699e2c34,1700000000000000000000
228,0x9c2121a7fa19ead8d0f3fd54a7d326546376dd6c,1600000000000000000000
229,0x5fe65818459bd1192b7090b9209334fe907f284c,1500000000000000000000
230,0x1484e00ea9bef16f11a690ea2bd801ab133c0db8,1490000000000000000000
231,0xd53e2106f358d769ccf2f5d3f96d353155ec1128,1480000000000000000000
232,0x3a6221027b8a74bce9b84e35796495c442b2912a,1470000000000000000000
233,0x6a2f348a0bdd12ba19942b2c0db825d7e9636fc8,1460000000000000000000
234,0x18daa388b82a8fdc97088a94430e3f877d03e77d,1450000000000000000000
235,0x3c2ac3419feff87234e61f25160e5dce4c81452a,1440000000000000000000
236,0xc3540b6726b242453567fa861e950f7f440aa920,1430000000000000000000
237,0xba7cda2429dca4af27fc9c736f88431a58bd553e,1420000000000000000000
238,0x3355c5840d25692bdc905e3d8e4cd1e9390fade4,1410000000000000000000
239,0xc69f147f33cf6100d8eada4565a8c7e5c72c8f96,1400000000000000000000
240,0xa01a259779266c8e7f219d039007fdda6394fdc4,1390000000000000000000
241,0xdc64cf2271b061d1f06742dec66cb6ef641eea17,1380000000000000000000
242,0x6d651cb22e0d88139383dcbd60f87327a59676c4,1350000000000000000000
243,0x2e0f6091565524caf42e442e6bb6247760057039,1251000000000000000000
244,0x56e3da4123d14d66e014243acc7f230090c6b39a,1200000000000000000000
245,0x2e4f4ed4961b371a74298f253f60a424f869740b,1190000000000000000000
246,0xab67d7d461cfa4d676fa18c1b30b9aed5dd27d09,1180000000000000000000
247,0xa4434eb24eef979f9ae64881fbf8f2b0b6607205,1170000000000000000000
248,0x1bdb600767e8c8156589847cfd383ad715f54ac1,1170000000000000000000
249,0x64c273dcfdfc63fab27e8f7d33bb22d9eecb55c5,1160000000000000000000
250,0xda059dcf504c4d65739b3eccd7b2dea90291bd83,1111000000000000000000
251,0xad2adc755ee973182b2968311f1e86fdfbb54d57,1090000000000000000000
252,0x87ef4e7d284da91ddb1d9316f7fabd68efc1fe32,1080000000000000000000
253,0x5516bce112a3b2314a891f70849d487281d84ab3,1070000000000000000000
254,0x54994f7b0ae676d3419042560f6cf219b7067d54,1060000000000000000000
255,0xf8614eff703fcacb7294708683427295040e36d2,1050000000000000000000
256,0x48ac36a0c3e181e32a5ddd387e19c0db90bc7aab,1040000000000000000000
257,0x2486cf402ae3004912901b1f92af31223648a38f,1030000000000000000000
258,0x970dd4935fdb99da6f4f032ec8e8bd6ad1ae59c6,1020000000000000000000
259,0x80fe449ae10a3557f936150c0865ec8b91cd1584,1004000000000000000000
260,0x64d7d50b672528a94b1447e890d621cd62930848,1000000000000000000000
261,0xf32cedb4df68d06e47192c7967a550e185bed7eb,1000000000000000000000
262,0x9c36eb6271c7db624b96fd61d85022f6b5004192,1000000000000000000000
263,0xc0e03159fac8e8121061190665c035ce79f79008,1000000000000000000000
264,0xb6abedb59671c2c9913e5d7f89989f96aa77a029,1000000000000000000000
265,0x73234349a8fad8cf03b54ffdfc5c110befceb845,1000000000000000000000
266,0x97ea6aa9e2769def22cdf374650100ddb32518af,1000000000000000000000
267,0x985e725533d177dc3e35feb07a8388aa726e428b,1000000000000000000000
268,0x81e0f2726af74dabf2e5dc14be2d4639ef95e2ff,1000000000000000000000
269,0x906d93ac0d4c3d9f3337d929e40baed7dd6bfc9a,1000000000000000000000
270,0xb396bf196551da6f3a0892e73a7503a6f0928f9b,1000000000000000000000
271,0xab0b336b482fc957f322c38d700626b1ab245dbe,1000000000000000000000
272,0xdc3a7294ec7a0e809370c78f95cec65610df2b93,1000000000000000000000
273,0xe8de904d466bd202003f3cd363947355d4226b16,1000000000000000000000
274,0xd2b92982e6efd6fbe6d4d68b501c07fb561bc6f9,1000000000000000000000
275,0x9b633f41a52304c247e2934975f67a691815c98e,1000000000000000000000
276,0x752d89bf70b9a63b35eaad06306452eddd611007,1000000000000000000000
277,0x9a629cd3d4031d35bdf97eec859397335fb57176,1000000000000000000000
278,0xae3fc54ce9e15bd2a03398c1e1698fda6cc42f02,1000000000000000000000
279,0xe26ee5614869e34a4c40f812afa06cdd5a13044d,1000000000000000000000
280,0x7ce324a0a4cefc5fc0dcd88f07c279a99475c92a,1000000000000000000000
281,0xe959bad707bca5a7d3158534363ea305ebce16ac,1000000000000000000000
282,0xa870adf69c0547571f361a6681b4ee5d74dfef53,1000000000000000000000
283,0x76a8d534f09e22685b52bcb813db3c11c43db0d6,1000000000000000000000
284,0x913dc1dc7c31c84007d12dd6aabb129383210378,1000000000000000000000
285,0x4c794c8082e61c34e1befcd20c612a61feef5e70,1000000000000000000000
286,0x33cf385a4712fd18a99387a2898c8a5314197ab6,1000000000000000000000
287,0x6976c6e33526426c5ae1425f5ecacfd866421521,1000000000000000000000
288,0x8d62741d974b7a30c419efeced0a041e0e9f062d,1000000000000000000000
289,0xcb6db740cc38183770ba2621029a1f59541423d3,1000000000000000000000
290,0x5a51f7005b403b4305cb28d990e9ac9842ba99ff,1000000000000000000000
291,0x272c920f5b362960ebe5430cc2507effe708014b,1000000000000000000000
292,0xd23a4792a9f13daf73b41734e854202e7583d77c,1000000000000000000000
293,0x32f4f24838f62988ccc4497c51ab996d21960f1c,1000000000000000000000
294,0x4c8ed47e38a62c36137321075b15ede2c0e93d99,1000000000000000000000
295,0x70e10ed39098a922981cee709639a3c3c152c5bd,1000000000000000000000
296,0xd2ea684bf71ec657d76d15a9fc006f9a8b1fc5eb,1000000000000000000000
297,0xabff44dca01cdfa2fede7a3ef4139ae7e3359ebb,1000000000000000000000
298,0xd29c358d142cd1d6c6907758e9b94963ffd38497,1000000000000000000000
299,0x2d8cf91f5ff80f31116b068b24013bd281e801c5,1000000000000000000000
300,0xfaff9e4764a6dea278a2daf43d38c9108856c55c,1000000000000000000000
301,0x63c83f9a1a4e622580d109470dec61c39f6e4f36,1000000000000000000000
302,0x0040e6b20d79e6e4e7e06b213362587979b953d2,1000000000000000000000
303,0x24ec9e6ecd87a17ff830ada807e2114cb3f1b663,1000000000000000000000
304,0xc3eed097c1ab4995bbdccf2a89f6153989bc2147,999000000000000000000
305,0xe146ef53efb0a535dc45292473322dd34cdfa625,999000000000000000000
306,0x0ac1af26a26225515c3827a70871a822c5bcef2e,999000000000000000000
307,0x857c6880f5457a251af1c6f0d7f61740e43bf436,997002000000000000000
308,0x60f19a67e2fab601c3a825c6cc35c5d20c082737,995000000000000000000
309,0xd1001d3a25097358c24921ba3219b7360052f8cb,950000000000000000000
310,0xf2a65a58d7f71b50ce3014a62a5bcb90095ffcd3,910000000000000000000
311,0x86580cd0a3438d6025169c902ece640926d5c8cc,909000000000000000000
312,0x0beb40d2a70a3b11018dcba9d9d37c7e2bf7f503,900000000000000000000
313,0x1adbf010caa1f212409e78a2e3d8fb0b4cc2b212,900000000000000000000
314,0x996ca47ed9d8a09d4dd4abf9dfad4776c320dc91,889000000000000000000
315,0xcc4ac149e82a3442dad602e2ee40f4b1c72069bb,888000000000000000000
316,0x7aaca90e3cffb99844a93b6b697ee197b59bfd29,888000000000000000000
317,0xd11a8530682f7c4fef799e7d3fd913d0e5d47bb8,888000000000000000000
318,0x0a568d8b49ea8d6390301ee4eb57ac0c1602dd58,888000000000000000000
319,0xabe8fbfc3384e1615a4590d7f6fe2d26028d1a8d,888000000000000000000
320,0xef674f24089cfb36f9084d4c242fe366f62a4af0,888000000000000000000
321,0x9759cb72ef316031608a64eaf31843e4594986b6,888000000000000000000
322,0x2598ca9f8782363d89497d28ca9af806df06e1f3,888000000000000000000
323,0x8872e301fb6e902287a8cc3aa8a81e0a0cdfb8fb,888000000000000000000
324,0x0cd03d6f6655ae26466251e26e3f3baa05cde084,888000000000000000000
325,0xb275bf8adea8012e34dd0ac2a3588f64551a4ec8,888000000000000000000
326,0x3eb5847e7b7379c463e14baab902f2bdbfadf940,888000000000000000000
327,0xae0ad581b307c8e6d01fc13a2cb73b68fafd9028,850000000000000000000
328,0x8d66bf93e754210755611002fe7404966282b6e8,777000000000000000000
329,0x4dc7947d0fe85e3bfcd5bfee28a3445b0f7c9f12,777000000000000000000
330,0x55288adbf4115773d34f230383a398e83d9da7f9,777000000000000000000
331,0xe95bed670655cc1dea0a4ca60c43957d414cf46d,777000000000000000000
332,0x057ca7b06a21b6ca2843dee12739ce7c62fda4cf,777000000000000000000
333,0xc866cf4330e5ae075d86e09d2ea2f1f5b6a78938,770307943352962500455
334,0x7e48cad351e51228ef0bebd49b35eb4879e3d92d,755000000000000000000
335,0x8932d60ac165dc83d3d99247390b270f96223075,747000000000000000000
336,0x00d28cb4e48afd56e1fe630d0e15dfda13e12e8d,730132352950000000000
337,0x1551ea192bcb100151ab91ba6e5259adde3599d0,722000000000000000000
338,0x003666eabe8fc6301ed68a81e13b34fcea3245c3,661405171540000000000
339,0x6d7a17a05666b3097f22c4ce4566b530c5167e39,650000000000000000000
340,0x335caba00485d5d96bfa408340ac5e15b3329f23,619000000000000000000
341,0x8c4a64721bfbfe21bc4cf3289d9f2f4f2af389e5,599000000000000000000
342,0x2b232b4f341906bae4bdce2de90c7f07c201832b,555000000000000000000
343,0x0050d7aa2edbdd57a6954317aa6ed78b2eeb4625,555000000000000000000
344,0x51afb8a03a3bef861a51242b92359c835c4a28f4,555000000000000000000
345,0x7e2a80825a1dce9e23767be084fb541c547be4ba,555000000000000000000
346,0x8c41ae31eecb2dd1ae3712f0e84009ae3a3e0a99,550000000000000000000
347,0xfe7d4744d4b42b495dfbe622dd970072b8ca53ae,525000000000000000000
348,0x81e309c2b7f49d072aac62d04f0d4d496d4cd1aa,500000000000000000000
349,0x28677f25c8ecc2daa21c5ede682a668a8801814d,499000000000000000000
350,0x39a3a9fbe02aa990f584241ec25942aa01d7609f,487898582010000000000
351,0xffb096952ab43ac98c84b737ae7fdafe9df07f29,460000000000000000000
352,0x540fdbae30fd9bfec143d0e5faaf338c539d854a,455000000000000000000
353,0x35b66acb0ed577190be01719eeed1055b597215b,400000000000000000000
354,0xd2f3ee7b7e1256622a18c9194039f42e06351b61,380000000000000000000
355,0x6467b25c12784af32ff094246a5149e6f041d337,365000000000000000000
356,0x7d469d02ad44ae54ac57468c0e47b47002d431e9,333000000000000000000
357,0x4fb9586e73b28d2b1530870a531d816a32431ea2,320000000000000000000
358,0x5763507595d1c4021de1d7180dd65bc80666d96d,288000000000000000000
359,0x3fc67bd1fe01260216cb5833355b2db02ea99ab0,264926191500000000000
360,0x6a9ec58b573e0d3e08526cc8adeedefa431a9a33,258000000000000000000
361,0xe74b4dcf42411f9d79814c5ce46639390b936518,240000000000000000000
362,0x7eccd55e7643cb2f86718dc08ee60b495acf5415,200000000000000000000
363,0xc060616c7b40fb6b5076b9a9e647ef28c47de3ab,150000000000000000000
364,0x0077a172678201922ca7066e4c79884057aa6b25,141666792640000000000
365,0x33c26b95c0ed489ba8831ef809a3152a6148ad15,121000000000000000000
366,0x715e73333561e989c1e09ff057fb7d59433862aa,100000000000000000000
367,0x2ba5b96be71900ee285e0edc57c66173e4a70903,100000000000000000000
368,0xddc27afe28283795cd42eef4310ee69b95230506,100000000000000000000
369,0x4d63a202e1680b4d08edc0eb300e9219b3a0d061,100000000000000000000
370,0xae518e0d5a68e46b5870da01dbc42b212da0cb79,100000000000000000000
371,0x00dfdc20bdc892fbd4a0d05f3534ab27cda1d852,100000000000000000000
372,0xa836fe0df58f36e38a00dbdf639c5cd4e453de37,100000000000000000000
373,0xb05df7f7933d47fc925f45568a0367e86798696b,88000000000000000000
374,0xb8dd2d9e1a9c44f6b5b062a43619c3056bdeb6e9,50000000000000000000
375,0xe9897cd7d74256016651a5025eae2d11fb6b0b59,30000000000000000000
376,0xf846ff1b6a3932e8e851d40d436fa5512888eb74,20000000000000000000
377,0x0011e583cfe53590769786f8d18dd9331821d42e,10000000000000000000
378,0x3e125f5d532d2c8cabffe5cd2d7abdae2fef0087,10000000000000000000
379,0x7b529b81a2a53bc1d3ac68bf0964c8f34edac64f,3440524610000000000
380,0x85edea0c661ffc90229357b03e78d31686ceef0b,2679792590000000000
381,0xe2297f24b12560d6d70a2fbd62b9a09f74b949e2,2000000000000000000
382,0x4febb507a0d0d2f894868168a98fb4fe072e12e7,2000000000000000000
383,0x67c42395643b3e9b5df8755555e2475414a96cf2,1128045282023249850
384,0x3d9a7b34b9bf7da9437eae3dddd3c7256be480d0,1013618720000000000
385,0x84ce35f214a02197be62b47e5a276422a8ad3a23,1000000000000000000
386,0x577b4f6724ceb8043a69662ed99852e62211186d,1000000000000000000
387,0x1ae3c10e5d72a7929f39ef2abc312fd6d85de4b4,1000000000000000000
388,0x789923140b1442ac82e9c79e77814b99905ed195,1000000000000000000
389,0x7e37404b1a73d4576b96b75251a66b0349aa5681,1000000000000000000
390,0xdc93e7874ba70a90fec9ab9af785e8f0b9776e2a,1000000000000000000
391,0xab9286d4e836ad6bfcb0b889ca082ba0903bcab7,1000000000000000000
392,0xc84c65889deeb39119b1afe3f9e1179ac04ac0b7,1000000000000000000
393,0x77e6cf7443858b996557b4a483b08350b3b15f62,1000000000000000000
394,0xfa2b2f896af7f23a90e9afc3d62b41b43484eb46,1000000000000000000
395,0x50e1b9d51a71485f3cefc3e43297250a3f550549,1000000000000000000
396,0x8ca8023b182d166f0f0fff78b94db8032703c78f,1000000000000000000
397,0x0779fc38a1271d10a0058d8ec2d211a1996ffe35,1000000000000000000
398,0x10d9cd18d249125aec947c92647d629e93fffb90,1000000000000000000
399,0x3064047a3e2ce3b20739ad793c5a333b62c700a7,1000000000000000000
400,0xa71c5e4a395e25f74ab442171169617b4687d99d,1000000000000000000
